{
  "hwpx-viewer-v8.jsx": 1776803760.098067,
  "apps/web/tailwind.config.ts": 1776868844.2553978,
  "apps/web/vite.config.ts": 1776868837.7695477,
  "apps/web/vitest.config.ts": 1776869310.9322996,
  "apps/web/postcss.config.js": 1776868844.8538888,
  "apps/web/tests/setup.ts": 1776869312.1078844,
  "apps/web/src/App.tsx": 1777159741.9894118,
  "apps/web/src/main.tsx": 1776868846.1379638,
  "apps/web/src/types/index.ts": 1777159558.049676,
  "apps/web/src/state/store.ts": 1777063078.575075,
  "apps/web/src/components/chat/StreamingMessage.tsx": 1777061148.4173555,
  "apps/web/src/components/chat/ChatPanel.tsx": 1777063212.8687413,
  "apps/web/src/components/chat/ChatPatchCard.tsx": 1777063138.5552292,
  "apps/web/src/components/chat/ChatMessage.tsx": 1777063163.67106,
  "apps/web/src/components/layout/FloatingDock.tsx": 1777119185.7294462,
  "apps/web/src/components/layout/StatusBar.tsx": 1777119198.032518,
  "apps/web/src/components/inline/InlineErrorBlock.tsx": 1777059742.5832942,
  "apps/web/src/components/inline/InlineSelectionMenu.tsx": 1777159664.4021227,
  "apps/web/src/components/inline/InlineManualEdit.tsx": 1777159652.3935268,
  "apps/web/src/components/inline/InlineCherryPickDiff.tsx": 1777059689.0091372,
  "apps/web/src/components/inline/InlineLoadingBlock.tsx": 1777059718.211023,
  "apps/web/src/components/viewer/SelectionOverlay.tsx": 1777116757.010064,
  "apps/web/src/components/viewer/SvgPage.tsx": 1777052831.9943457,
  "apps/web/src/components/viewer/EditPanel.tsx": 1777050153.5339692,
  "apps/web/src/components/viewer/HistoryList.tsx": 1777037606.8712964,
  "apps/web/src/components/viewer/SelectionOverlay.test.tsx": 1777037740.3102853,
  "apps/web/src/components/history/HistoryPanel.tsx": 1777119162.869604,
  "apps/web/src/components/generate/GenerateModal.tsx": 1777125585.413268,
  "apps/web/src/hooks/useSelection.test.ts": 1777037728.955889,
  "apps/web/src/hooks/useStreamChat.ts": 1777063113.9630516,
  "apps/web/src/hooks/useInlineAi.ts": 1777159772.0334365,
  "apps/web/src/hooks/useSelection.ts": 1777079479.4048004,
  "apps/web/src/lib/json.ts": 1776869261.336467,
  "apps/web/src/lib/json.test.ts": 1776869307.0670564,
  "apps/web/src/lib/diff/table.test.ts": 1776869301.3501253,
  "apps/web/src/lib/diff/table.ts": 1776869257.261924,
  "apps/web/src/lib/diff/text.ts": 1776869238.1694145,
  "apps/web/src/lib/diff/text.test.ts": 1776869290.5081997,
  "apps/web/src/api/document.ts": 1777156467.469376,
  "apps/web/src/api/claude.ts": 1777059700.022617,
  "apps/web/src/api/generate.ts": 1777125522.0729995,
  "apps/backend/tests/conftest.py": 1776894893.3455296,
  "apps/backend/tests/test_prompts.py": 1776870055.7830765,
  "apps/backend/tests/test_claude_routes.py": 1776892307.0466516,
  "apps/backend/tests/__init__.py": 1776870042.445499,
  "apps/backend/tests/test_upload_store.py": 1776984327.0051615,
  "apps/backend/tests/test_health.py": 1776892296.2467108,
  "apps/backend/src/hwpx_viewer_api/config.py": 1776892261.4017165,
  "apps/backend/src/hwpx_viewer_api/__init__.py": 1776869966.037017,
  "apps/backend/src/hwpx_viewer_api/prompts.py": 1776869991.242731,
  "apps/backend/src/hwpx_viewer_api/schemas.py": 1777125375.1143582,
  "apps/backend/src/hwpx_viewer_api/errors.py": 1776893697.9586382,
  "apps/backend/src/hwpx_viewer_api/main.py": 1777156458.0640328,
  "apps/backend/src/hwpx_viewer_api/security/cors.py": 1776870010.9361608,
  "apps/backend/src/hwpx_viewer_api/security/__init__.py": 1776870007.885502,
  "apps/backend/src/hwpx_viewer_api/skills/__init__.py": 1777125246.7638516,
  "apps/backend/src/hwpx_viewer_api/skills/hwpx_guide.py": 1777125290.8984852,
  "apps/backend/src/hwpx_viewer_api/routes/save.py": 1777156450.3050764,
  "apps/backend/src/hwpx_viewer_api/routes/hit_test.py": 1777071836.3559813,
  "apps/backend/src/hwpx_viewer_api/routes/upload.py": 1776984277.6506753,
  "apps/backend/src/hwpx_viewer_api/routes/render.py": 1777033106.0248618,
  "apps/backend/src/hwpx_viewer_api/routes/generate.py": 1777125455.641594,
  "apps/backend/src/hwpx_viewer_api/routes/claude.py": 1776892268.261441,
  "apps/backend/src/hwpx_viewer_api/routes/health.py": 1776892282.685618,
  "apps/backend/src/hwpx_viewer_api/routes/download.py": 1777152386.7988024,
  "apps/backend/src/hwpx_viewer_api/routes/__init__.py": 1776870011.2480705,
  "apps/backend/src/hwpx_viewer_api/routes/edit.py": 1777071844.6782956,
  "apps/backend/src/hwpx_viewer_api/services/upload_store.py": 1776984259.804045,
  "apps/backend/src/hwpx_viewer_api/services/claude_cli.py": 1776892255.1443312,
  "apps/backend/src/hwpx_viewer_api/services/__init__.py": 1776870018.9730642,
  "apps/backend/src/hwpx_viewer_api/services/hwpx_patcher.py": 1777073072.0362973,
  "apps/backend/src/hwpx_viewer_api/services/rhwp_wasm.py": 1777118842.2365432,
  "apps/backend/src/hwpx_viewer_api/services/generate_worker.py": 1777127714.595222,
  "apps/backend/src/hwpx_viewer_api/services/generate_jobs.py": 1777125410.2550375,
  "apps/backend/src/hwpx_viewer_api/services/lineseg_postprocess.py": 1777127857.5885758,
  "apps/backend/src/hwpx_viewer_api/services/plan_dispatcher.py": 1777125657.5654802,
  "CLAUDE.md": 1777170225.0277452,
  "docs/PRD.md": 1776804487.259563,
  "docs/ARCHITECTURE.md": 1776804250.9390755,
  "docs/COMPONENT_INVENTORY.md": 1776955224.9472318,
  "docs/DESIGN_SPEC.md": 1776804491.7895513,
  "docs/INTERACTION_SPEC.md": 1776804871.5104606,
  "docs/TEST_SPEC.md": 1776804876.2567463,
  "docs/04-report/changelog.md": 1776956654.4530857,
  "docs/04-report/features/hwpx-viewer-mvp-pagebreak.report.md": 1776956637.2220862,
  "docs/03-analysis/hwpx-viewer-mvp.analysis.md": 1776956228.6904204,
  "docs/02-design/features/hwpx-viewer-mvp.design.v0.2.archive.md": 1776983775.8859093,
  "docs/02-design/features/hwpx-viewer-mvp.design.md": 1776983949.4277468,
  "docs/02-design/features/hwpx-viewer-mvp.do.v0.1.archive.md": 1776983775.8881187,
  "docs/02-design/features/hwpx-viewer-mvp.do.md": 1776984083.0316012,
  "docs/01-plan/features/hwpx-viewer-mvp.plan.md": 1776894097.8165822,
  "apps/web/index.html": 1776868839.1416023,
  "apps/backend/README.md": 1776869964.889576
}